,city,date,match_link
0,Bengaluru,1 Feb 2017,https://www.espncricinfo.com/ci/engine/match/1034829.html
1,Kingston,9 Jul 2017,https://www.espncricinfo.com/ci/engine/match/1098211.html
2,Colombo (RPS),6 Mar 2018,https://www.espncricinfo.com/ci/engine/match/1133817.html
3,Colombo (RPS),8 Mar 2018,https://www.espncricinfo.com/ci/engine/match/1133818.html
4,Eden Gardens,4 Nov 2018,https://www.espncricinfo.com/ci/engine/match/1157759.html
5,Lucknow,6 Nov 2018,https://www.espncricinfo.com/ci/engine/match/1157760.html
6,Chennai,11 Nov 2018,https://www.espncricinfo.com/ci/engine/match/1157761.html
7,Brisbane,21 Nov 2018,https://www.espncricinfo.com/ci/engine/match/1144990.html
8,Sydney,25 Nov 2018,https://www.espncricinfo.com/ci/engine/match/1144992.html
9,Wellington,6 Feb 2019,https://www.espncricinfo.com/ci/engine/match/1153696.html
10,Auckland,8 Feb 2019,https://www.espncricinfo.com/ci/engine/match/1153697.html
11,Hamilton,10 Feb 2019,https://www.espncricinfo.com/ci/engine/match/1153698.html
12,Visakhapatnam,24 Feb 2019,https://www.espncricinfo.com/ci/engine/match/1168247.html
13,Bengaluru,27 Feb 2019,https://www.espncricinfo.com/ci/engine/match/1168248.html
14,Lauderhill,3 Aug 2019,https://www.espncricinfo.com/ci/engine/match/1188621.html
15,Lauderhill,4 Aug 2019,https://www.espncricinfo.com/ci/engine/match/1188622.html
16,Providence,6 Aug 2019,https://www.espncricinfo.com/ci/engine/match/1188623.html
17,Mohali,18 Sep 2019,https://www.espncricinfo.com/ci/engine/match/1187005.html
18,Bengaluru,22 Sep 2019,https://www.espncricinfo.com/ci/engine/match/1187006.html
19,Delhi,3 Nov 2019,https://www.espncricinfo.com/ci/engine/match/1187013.html
20,Nagpur,10 Nov 2019,https://www.espncricinfo.com/ci/engine/match/1187015.html
21,Hyderabad,6 Dec 2019,https://www.espncricinfo.com/ci/engine/match/1187018.html
22,Thiruvananthapuram,8 Dec 2019,https://www.espncricinfo.com/ci/engine/match/1187019.html
23,Wankhede,11 Dec 2019,https://www.espncricinfo.com/ci/engine/match/1187020.html
24,Indore,7 Jan 2020,https://www.espncricinfo.com/ci/engine/match/1202243.html
25,Ahmedabad,12 Mar 2021,https://www.espncricinfo.com/ci/engine/match/1243388.html
26,Ahmedabad,14 Mar 2021,https://www.espncricinfo.com/ci/engine/match/1243389.html
27,Ahmedabad,16 Mar 2021,https://www.espncricinfo.com/ci/engine/match/1243390.html
28,Ahmedabad,18 Mar 2021,https://www.espncricinfo.com/ci/engine/match/1243391.html
29,Dubai (DSC),24 Oct 2021,https://www.espncricinfo.com/ci/engine/match/1273727.html
30,Dubai (DSC),31 Oct 2021,https://www.espncricinfo.com/ci/engine/match/1273739.html
31,Abu Dhabi,3 Nov 2021,https://www.espncricinfo.com/ci/engine/match/1273744.html
32,Jaipur,17 Nov 2021,https://www.espncricinfo.com/ci/engine/match/1278671.html
33,Ranchi,19 Nov 2021,https://www.espncricinfo.com/ci/engine/match/1278672.html
34,Eden Gardens,21 Nov 2021,https://www.espncricinfo.com/ci/engine/match/1278673.html
35,Eden Gardens,16 Feb 2022,https://www.espncricinfo.com/ci/engine/match/1278679.html
36,Eden Gardens,18 Feb 2022,https://www.espncricinfo.com/ci/engine/match/1278680.html
37,Delhi,9 Jun 2022,https://www.espncricinfo.com/ci/engine/match/1278687.html
38,Cuttack,12 Jun 2022,https://www.espncricinfo.com/ci/engine/match/1278688.html
39,Visakhapatnam,14 Jun 2022,https://www.espncricinfo.com/ci/engine/match/1278689.html
40,Rajkot,17 Jun 2022,https://www.espncricinfo.com/ci/engine/match/1278690.html
41,Bengaluru,19 Jun 2022,https://www.espncricinfo.com/ci/engine/match/1278691.html
42,Birmingham,9 Jul 2022,https://www.espncricinfo.com/ci/engine/match/1276905.html
43,Nottingham,10 Jul 2022,https://www.espncricinfo.com/ci/engine/match/1276906.html
44,Tarouba,29 Jul 2022,https://www.espncricinfo.com/ci/engine/match/1317903.html
45,Basseterre,1 Aug 2022,https://www.espncricinfo.com/ci/engine/match/1317904.html
46,Basseterre,2 Aug 2022,https://www.espncricinfo.com/ci/engine/match/1317905.html
47,Lauderhill,6 Aug 2022,https://www.espncricinfo.com/ci/engine/match/1317906.html
48,Dubai (DSC),4 Sep 2022,https://www.espncricinfo.com/ci/engine/match/1327276.html
49,Dubai (DSC),6 Sep 2022,https://www.espncricinfo.com/ci/engine/match/1327277.html
50,Dubai (DSC),8 Sep 2022,https://www.espncricinfo.com/ci/engine/match/1327279.html
51,Indore,4 Oct 2022,https://www.espncricinfo.com/ci/engine/match/1327508.html
52,Melbourne,6 Nov 2022,https://www.espncricinfo.com/ci/engine/match/1298176.html
53,Adelaide,10 Nov 2022,https://www.espncricinfo.com/ci/engine/match/1298178.html
54,Mount Maunganui,20 Nov 2022,https://www.espncricinfo.com/ci/engine/match/1322276.html
55,Napier,22 Nov 2022,https://www.espncricinfo.com/ci/engine/match/1322277.html
56,Melbourne,11 Jan 2009,https://www.espncricinfo.com/ci/engine/match/351694.html
57,Brisbane,13 Jan 2009,https://www.espncricinfo.com/ci/engine/match/351695.html
58,Sydney,15 Feb 2009,https://www.espncricinfo.com/ci/engine/match/351696.html
59,Johannesburg,27 Mar 2009,https://www.espncricinfo.com/ci/engine/match/350475.html
60,Centurion,29 Mar 2009,https://www.espncricinfo.com/ci/engine/match/350476.html
61,The Oval,6 Jun 2009,https://www.espncricinfo.com/ci/engine/match/355993.html
62,Nottingham,8 Jun 2009,https://www.espncricinfo.com/ci/engine/match/355998.html
63,Manchester,30 Aug 2009,https://www.espncricinfo.com/ci/engine/match/350050.html
64,Melbourne,5 Feb 2010,https://www.espncricinfo.com/ci/engine/match/406207.html
65,Hobart,21 Feb 2010,https://www.espncricinfo.com/ci/engine/match/406197.html
66,Sydney,23 Feb 2010,https://www.espncricinfo.com/ci/engine/match/406198.html
67,Wellington,26 Feb 2010,https://www.espncricinfo.com/ci/engine/match/423787.html
68,Christchurch,28 Feb 2010,https://www.espncricinfo.com/ci/engine/match/423788.html
69,Gros Islet,2 May 2010,https://www.espncricinfo.com/ci/engine/match/412683.html
70,Bridgetown,5 May 2010,https://www.espncricinfo.com/ci/engine/match/412688.html
71,Bridgetown,7 May 2010,https://www.espncricinfo.com/ci/engine/match/412691.html
72,Bridgetown,9 May 2010,https://www.espncricinfo.com/ci/engine/match/412696.html
73,Gros Islet,11 May 2010,https://www.espncricinfo.com/ci/engine/match/412700.html
74,Gros Islet,14 May 2010,https://www.espncricinfo.com/ci/engine/match/412702.html
75,Bridgetown,16 May 2010,https://www.espncricinfo.com/ci/engine/match/412703.html
76,Birmingham,5 Jul 2010,https://www.espncricinfo.com/ci/engine/match/426392.html
77,Birmingham,6 Jul 2010,https://www.espncricinfo.com/ci/engine/match/426393.html
78,Perth,31 Oct 2010,https://www.espncricinfo.com/ci/engine/match/446956.html
79,Adelaide,12 Jan 2011,https://www.espncricinfo.com/ci/engine/match/446960.html
80,Melbourne,14 Jan 2011,https://www.espncricinfo.com/ci/engine/match/446961.html
81,Pallekele,6 Aug 2011,https://www.espncricinfo.com/ci/engine/match/516204.html
82,Pallekele,8 Aug 2011,https://www.espncricinfo.com/ci/engine/match/516205.html
83,Cape Town,13 Oct 2011,https://www.espncricinfo.com/ci/engine/match/514023.html
84,Johannesburg,16 Oct 2011,https://www.espncricinfo.com/ci/engine/match/514024.html
85,Sydney,1 Feb 2012,https://www.espncricinfo.com/ci/engine/match/518954.html
86,Melbourne,3 Feb 2012,https://www.espncricinfo.com/ci/engine/match/518955.html
87,Gros Islet,27 Mar 2012,https://www.espncricinfo.com/ci/engine/match/540173.html
88,Bridgetown,30 Mar 2012,https://www.espncricinfo.com/ci/engine/match/540174.html
89,Dubai (DSC),5 Sep 2012,https://www.espncricinfo.com/ci/engine/match/571148.html
90,Dubai (DSC),7 Sep 2012,https://www.espncricinfo.com/ci/engine/match/571149.html
91,Dubai (DSC),10 Sep 2012,https://www.espncricinfo.com/ci/engine/match/571150.html
92,Colombo (RPS),19 Sep 2012,https://www.espncricinfo.com/ci/engine/match/533273.html
93,Colombo (RPS),22 Sep 2012,https://www.espncricinfo.com/ci/engine/match/533279.html
94,Colombo (RPS),28 Sep 2012,https://www.espncricinfo.com/ci/engine/match/533287.html
95,Colombo (RPS),30 Sep 2012,https://www.espncricinfo.com/ci/engine/match/533290.html
96,Colombo (RPS),2 Oct 2012,https://www.espncricinfo.com/ci/engine/match/533294.html
97,Colombo (RPS),5 Oct 2012,https://www.espncricinfo.com/ci/engine/match/533297.html
98,Sydney,26 Jan 2013,https://www.espncricinfo.com/ci/engine/match/573019.html
99,Melbourne,28 Jan 2013,https://www.espncricinfo.com/ci/engine/match/573020.html
100,Southampton,29 Aug 2013,https://www.espncricinfo.com/ci/engine/match/566937.html
101,Chester-le-Street,31 Aug 2013,https://www.espncricinfo.com/ci/engine/match/566938.html
102,Durban,12 Mar 2014,https://www.espncricinfo.com/ci/engine/match/648681.html
103,Mirpur,23 Mar 2014,https://www.espncricinfo.com/ci/engine/match/682927.html
104,Mirpur,28 Mar 2014,https://www.espncricinfo.com/ci/engine/match/682941.html
105,Mirpur,30 Mar 2014,https://www.espncricinfo.com/ci/engine/match/682951.html
106,Mirpur,1 Apr 2014,https://www.espncricinfo.com/ci/engine/match/682957.html
107,Dubai (DSC),5 Oct 2014,https://www.espncricinfo.com/ci/engine/match/727917.html
108,Cardiff,31 Aug 2015,https://www.espncricinfo.com/ci/engine/match/743975.html
109,Adelaide,26 Jan 2016,https://www.espncricinfo.com/ci/engine/match/895817.html
110,Durban,4 Mar 2016,https://www.espncricinfo.com/ci/engine/match/884347.html
111,Johannesburg,6 Mar 2016,https://www.espncricinfo.com/ci/engine/match/884349.html
112,Cape Town,9 Mar 2016,https://www.espncricinfo.com/ci/engine/match/884351.html
113,Dharamsala,18 Mar 2016,https://www.espncricinfo.com/ci/engine/match/951337.html
114,Bengaluru,21 Mar 2016,https://www.espncricinfo.com/ci/engine/match/951347.html
115,Mohali,25 Mar 2016,https://www.espncricinfo.com/ci/engine/match/951355.html
116,Mohali,27 Mar 2016,https://www.espncricinfo.com/ci/engine/match/951363.html
117,Pallekele,6 Sep 2016,https://www.espncricinfo.com/ci/engine/match/995467.html
118,Colombo (RPS),9 Sep 2016,https://www.espncricinfo.com/ci/engine/match/995469.html
119,Ranchi,7 Oct 2017,https://www.espncricinfo.com/ci/engine/match/1119501.html
120,Guwahati,10 Oct 2017,https://www.espncricinfo.com/ci/engine/match/1119502.html
121,Sydney,3 Feb 2018,https://www.espncricinfo.com/ci/engine/match/1072316.html
122,Hobart,7 Feb 2018,https://www.espncricinfo.com/ci/engine/match/1072317.html
123,Melbourne,10 Feb 2018,https://www.espncricinfo.com/ci/engine/match/1072318.html
124,Auckland,16 Feb 2018,https://www.espncricinfo.com/ci/engine/match/1072320.html
125,Auckland,21 Feb 2018,https://www.espncricinfo.com/ci/engine/match/1072322.html
126,Adelaide,27 Oct 2019,https://www.espncricinfo.com/ci/engine/match/1183524.html
127,Brisbane,30 Oct 2019,https://www.espncricinfo.com/ci/engine/match/1183525.html
128,Melbourne,1 Nov 2019,https://www.espncricinfo.com/ci/engine/match/1183526.html
129,Sydney,3 Nov 2019,https://www.espncricinfo.com/ci/engine/match/1183527.html
130,Canberra,5 Nov 2019,https://www.espncricinfo.com/ci/engine/match/1183528.html
131,Perth,8 Nov 2019,https://www.espncricinfo.com/ci/engine/match/1183529.html
132,Johannesburg,21 Feb 2020,https://www.espncricinfo.com/ci/engine/match/1185316.html
133,Gqeberha,23 Feb 2020,https://www.espncricinfo.com/ci/engine/match/1185317.html
134,Cape Town,26 Feb 2020,https://www.espncricinfo.com/ci/engine/match/1185318.html
135,Southampton,4 Sep 2020,https://www.espncricinfo.com/ci/engine/match/1198235.html
136,Southampton,6 Sep 2020,https://www.espncricinfo.com/ci/engine/match/1198236.html
137,Abu Dhabi,23 Oct 2021,https://www.espncricinfo.com/ci/engine/match/1273724.html
138,Dubai (DSC),28 Oct 2021,https://www.espncricinfo.com/ci/engine/match/1273733.html
139,Dubai (DSC),30 Oct 2021,https://www.espncricinfo.com/ci/engine/match/1273737.html
140,Dubai (DSC),4 Nov 2021,https://www.espncricinfo.com/ci/engine/match/1273745.html
141,Abu Dhabi,6 Nov 2021,https://www.espncricinfo.com/ci/engine/match/1273749.html
142,Dubai (DSC),11 Nov 2021,https://www.espncricinfo.com/ci/engine/match/1273755.html
143,Dubai (DSC),14 Nov 2021,https://www.espncricinfo.com/ci/engine/match/1273756.html
144,Colombo (RPS),7 Jun 2022,https://www.espncricinfo.com/ci/engine/match/1307293.html
145,Colombo (RPS),8 Jun 2022,https://www.espncricinfo.com/ci/engine/match/1307294.html
146,Pallekele,11 Jun 2022,https://www.espncricinfo.com/ci/engine/match/1307295.html
147,Carrara,5 Oct 2022,https://www.espncricinfo.com/ci/engine/match/1317482.html
148,Brisbane,7 Oct 2022,https://www.espncricinfo.com/ci/engine/match/1317483.html
149,Perth,9 Oct 2022,https://www.espncricinfo.com/ci/engine/match/1317486.html
150,Canberra,12 Oct 2022,https://www.espncricinfo.com/ci/engine/match/1317487.html
151,Sydney,22 Oct 2022,https://www.espncricinfo.com/ci/engine/match/1298147.html
152,Perth,25 Oct 2022,https://www.espncricinfo.com/ci/engine/match/1298153.html
153,Brisbane,31 Oct 2022,https://www.espncricinfo.com/ci/engine/match/1298165.html
154,Adelaide,4 Nov 2022,https://www.espncricinfo.com/ci/engine/match/1298172.html
155,Hobart,9 Feb 2024,https://www.espncricinfo.com/ci/engine/match/1375850.html
156,Adelaide,11 Feb 2024,https://www.espncricinfo.com/ci/engine/match/1375851.html
157,Colombo (RPS),25 Jul 2021,https://www.espncricinfo.com/ci/engine/match/1262758.html
158,Nelson,29 Dec 2017,https://www.espncricinfo.com/ci/engine/match/1115798.html
159,Sylhet,17 Dec 2018,https://www.espncricinfo.com/ci/engine/match/1153317.html
160,Mirpur,20 Dec 2018,https://www.espncricinfo.com/ci/engine/match/1153318.html
161,Mirpur,22 Dec 2018,https://www.espncricinfo.com/ci/engine/match/1153319.html
162,Gros Islet,5 Mar 2019,https://www.espncricinfo.com/ci/engine/match/1158071.html
163,Basseterre,8 Mar 2019,https://www.espncricinfo.com/ci/engine/match/1158072.html
164,Basseterre,10 Mar 2019,https://www.espncricinfo.com/ci/engine/match/1158073.html
165,Lucknow,17 Nov 2019,https://www.espncricinfo.com/ci/engine/match/1193496.html
166,Karachi,13 Dec 2021,https://www.espncricinfo.com/ci/engine/match/1287773.html
167,Karachi,14 Dec 2021,https://www.espncricinfo.com/ci/engine/match/1287774.html
168,Bridgetown,22 Jan 2022,https://www.espncricinfo.com/ci/engine/match/1256720.html
169,Bridgetown,23 Jan 2022,https://www.espncricinfo.com/ci/engine/match/1256721.html
170,Bridgetown,26 Jan 2022,https://www.espncricinfo.com/ci/engine/match/1256722.html
171,Eden Gardens,20 Feb 2022,https://www.espncricinfo.com/ci/engine/match/1278681.html
172,Lauderhill,12 Aug 2023,https://www.espncricinfo.com/ci/engine/match/1381220.html
173,Lauderhill,13 Aug 2023,https://www.espncricinfo.com/ci/engine/match/1381221.html
174,Bridgetown,12 Dec 2023,https://www.espncricinfo.com/ci/engine/match/1373579.html
175,St George's,14 Dec 2023,https://www.espncricinfo.com/ci/engine/match/1373580.html
176,St George's,16 Dec 2023,https://www.espncricinfo.com/ci/engine/match/1373581.html
177,Tarouba,19 Dec 2023,https://www.espncricinfo.com/ci/engine/match/1373582.html
178,Tarouba,21 Dec 2023,https://www.espncricinfo.com/ci/engine/match/1373583.html
179,Southampton,7 Jul 2022,https://www.espncricinfo.com/ci/engine/match/1276904.html
180,Karachi,20 Sep 2022,https://www.espncricinfo.com/ci/engine/match/1327228.html
181,Karachi,22 Sep 2022,https://www.espncricinfo.com/ci/engine/match/1327229.html
182,Karachi,23 Sep 2022,https://www.espncricinfo.com/ci/engine/match/1327230.html
183,Karachi,25 Sep 2022,https://www.espncricinfo.com/ci/engine/match/1327231.html
184,Lahore,28 Sep 2022,https://www.espncricinfo.com/ci/engine/match/1327232.html
185,Lahore,2 Oct 2022,https://www.espncricinfo.com/ci/engine/match/1327234.html
186,Perth,22 Oct 2022,https://www.espncricinfo.com/ci/engine/match/1298148.html
187,Melbourne,26 Oct 2022,https://www.espncricinfo.com/ci/engine/match/1298154.html
188,Brisbane,1 Nov 2022,https://www.espncricinfo.com/ci/engine/match/1298167.html
189,Sydney,5 Nov 2022,https://www.espncricinfo.com/ci/engine/match/1298173.html
190,Melbourne,13 Nov 2022,https://www.espncricinfo.com/ci/engine/match/1298179.html
191,Chester-le-Street,30 Aug 2023,https://www.espncricinfo.com/ci/engine/match/1336048.html
192,Manchester,1 Sep 2023,https://www.espncricinfo.com/ci/engine/match/1336049.html
193,Birmingham,3 Sep 2023,https://www.espncricinfo.com/ci/engine/match/1336050.html
194,Nottingham,5 Sep 2023,https://www.espncricinfo.com/ci/engine/match/1336051.html
195,Bristol,27 Jul 2022,https://www.espncricinfo.com/ci/engine/match/1276913.html
196,Cardiff,28 Jul 2022,https://www.espncricinfo.com/ci/engine/match/1276914.html
197,Southampton,31 Jul 2022,https://www.espncricinfo.com/ci/engine/match/1276915.html
198,Bristol,3 Aug 2022,https://www.espncricinfo.com/ci/engine/match/1303315.html
199,Thiruvananthapuram,28 Sep 2022,https://www.espncricinfo.com/ci/engine/match/1327506.html
200,Sydney,27 Oct 2022,https://www.espncricinfo.com/ci/engine/match/1298156.html
201,Perth,30 Oct 2022,https://www.espncricinfo.com/ci/engine/match/1298164.html
202,Sydney,3 Nov 2022,https://www.espncricinfo.com/ci/engine/match/1298170.html
203,Durban,30 Aug 2023,https://www.espncricinfo.com/ci/engine/match/1373568.html
204,Durban,1 Sep 2023,https://www.espncricinfo.com/ci/engine/match/1373569.html
205,Durban,3 Sep 2023,https://www.espncricinfo.com/ci/engine/match/1373570.html
206,Gqeberha,12 Dec 2023,https://www.espncricinfo.com/ci/engine/match/1387598.html
207,Harare,19 Jul 2015,https://www.espncricinfo.com/ci/engine/match/885971.html
208,Dharamsala,2 Oct 2015,https://www.espncricinfo.com/ci/engine/match/903587.html
209,Cuttack,5 Oct 2015,https://www.espncricinfo.com/ci/engine/match/903589.html
210,Harare,18 Jun 2016,https://www.espncricinfo.com/ci/engine/match/1007655.html
211,Harare,22 Jun 2016,https://www.espncricinfo.com/ci/engine/match/1007659.html
212,Rajkot,4 Nov 2017,https://www.espncricinfo.com/ci/engine/match/1120094.html
213,Cape Town,24 Feb 2018,https://www.espncricinfo.com/ci/engine/match/1122287.html
214,Dublin (Malahide),28 Jun 2022,https://www.espncricinfo.com/ci/engine/match/1303308.html
215,Lauderhill,7 Aug 2022,https://www.espncricinfo.com/ci/engine/match/1317907.html
216,Mohali,20 Sep 2022,https://www.espncricinfo.com/ci/engine/match/1327503.html
217,Melbourne,23 Oct 2022,https://www.espncricinfo.com/ci/engine/match/1298150.html
218,Adelaide,2 Nov 2022,https://www.espncricinfo.com/ci/engine/match/1298169.html
219,Wankhede,3 Jan 2023,https://www.espncricinfo.com/ci/engine/match/1348640.html
220,Pune,5 Jan 2023,https://www.espncricinfo.com/ci/engine/match/1348641.html
221,Rajkot,7 Jan 2023,https://www.espncricinfo.com/ci/engine/match/1348642.html
222,Tarouba,3 Aug 2023,https://www.espncricinfo.com/ci/engine/match/1381217.html
223,Providence,6 Aug 2023,https://www.espncricinfo.com/ci/engine/match/1381218.html
224,Visakhapatnam,23 Nov 2023,https://www.espncricinfo.com/ci/engine/match/1389391.html
225,Raipur,1 Dec 2023,https://www.espncricinfo.com/ci/engine/match/1389394.html
226,Bengaluru,3 Dec 2023,https://www.espncricinfo.com/ci/engine/match/1389395.html
227,Dubai (DSC),26 Oct 2018,https://www.espncricinfo.com/ci/engine/match/1157373.html
228,Dubai (DSC),28 Oct 2018,https://www.espncricinfo.com/ci/engine/match/1157374.html
229,Southampton,8 Sep 2020,https://www.espncricinfo.com/ci/engine/match/1198237.html
230,Christchurch,22 Feb 2021,https://www.espncricinfo.com/ci/engine/match/1233971.html
231,Dunedin,25 Feb 2021,https://www.espncricinfo.com/ci/engine/match/1233972.html
232,Wellington,3 Mar 2021,https://www.espncricinfo.com/ci/engine/match/1233973.html
233,Wellington,5 Mar 2021,https://www.espncricinfo.com/ci/engine/match/1233974.html
234,Wellington,7 Mar 2021,https://www.espncricinfo.com/ci/engine/match/1233975.html
235,Gros Islet,9 Jul 2021,https://www.espncricinfo.com/ci/engine/match/1263156.html
236,Gros Islet,10 Jul 2021,https://www.espncricinfo.com/ci/engine/match/1263157.html
237,Gros Islet,12 Jul 2021,https://www.espncricinfo.com/ci/engine/match/1263158.html
238,Gros Islet,14 Jul 2021,https://www.espncricinfo.com/ci/engine/match/1263159.html
239,Gros Islet,16 Jul 2021,https://www.espncricinfo.com/ci/engine/match/1263160.html
240,Mirpur,3 Aug 2021,https://www.espncricinfo.com/ci/engine/match/1270834.html
241,Mirpur,4 Aug 2021,https://www.espncricinfo.com/ci/engine/match/1270835.html
242,Mirpur,6 Aug 2021,https://www.espncricinfo.com/ci/engine/match/1270836.html
243,Mirpur,7 Aug 2021,https://www.espncricinfo.com/ci/engine/match/1270837.html
244,Mirpur,9 Aug 2021,https://www.espncricinfo.com/ci/engine/match/1270838.html
245,Canberra,14 Oct 2022,https://www.espncricinfo.com/ci/engine/match/1317488.html
246,Johannesburg,1 Dec 2006,https://www.espncricinfo.com/ci/engine/match/255954.html
247,Durban,14 Sep 2007,https://www.espncricinfo.com/ci/engine/match/287862.html
248,Johannesburg,16 Sep 2007,https://www.espncricinfo.com/ci/engine/match/287865.html
249,Durban,19 Sep 2007,https://www.espncricinfo.com/ci/engine/match/287873.html
250,Durban,20 Sep 2007,https://www.espncricinfo.com/ci/engine/match/287876.html
251,Durban,22 Sep 2007,https://www.espncricinfo.com/ci/engine/match/287878.html
252,Johannesburg,24 Sep 2007,https://www.espncricinfo.com/ci/engine/match/287879.html
253,Brabourne,20 Oct 2007,https://www.espncricinfo.com/ci/engine/match/297800.html
254,Melbourne,1 Feb 2008,https://www.espncricinfo.com/ci/engine/match/291356.html
255,Colombo (RPS),10 Feb 2009,https://www.espncricinfo.com/ci/engine/match/386535.html
256,Christchurch,25 Feb 2009,https://www.espncricinfo.com/ci/engine/match/386494.html
257,Wellington,27 Feb 2009,https://www.espncricinfo.com/ci/engine/match/366622.html
258,Nottingham,6 Jun 2009,https://www.espncricinfo.com/ci/engine/match/355994.html
259,Nottingham,10 Jun 2009,https://www.espncricinfo.com/ci/engine/match/356001.html
260,Lord's,12 Jun 2009,https://www.espncricinfo.com/ci/engine/match/356006.html
261,Lord's,14 Jun 2009,https://www.espncricinfo.com/ci/engine/match/356010.html
262,Nottingham,16 Jun 2009,https://www.espncricinfo.com/ci/engine/match/356014.html
263,Nagpur,9 Dec 2009,https://www.espncricinfo.com/ci/engine/match/430884.html
264,Mohali,12 Dec 2009,https://www.espncricinfo.com/ci/engine/match/430885.html
265,Gros Islet,1 May 2010,https://www.espncricinfo.com/ci/engine/match/412679.html
266,Gros Islet,2 May 2010,https://www.espncricinfo.com/ci/engine/match/412682.html
267,Bridgetown,9 May 2010,https://www.espncricinfo.com/ci/engine/match/412695.html
268,Gros Islet,11 May 2010,https://www.espncricinfo.com/ci/engine/match/412699.html
269,Durban,9 Jan 2011,https://www.espncricinfo.com/ci/engine/match/463149.html
270,Manchester,31 Aug 2011,https://www.espncricinfo.com/ci/engine/match/474476.html
271,Eden Gardens,29 Oct 2011,https://www.espncricinfo.com/ci/engine/match/521217.html
272,Pallekele,7 Aug 2012,https://www.espncricinfo.com/ci/engine/match/564786.html
273,Chennai,11 Sep 2012,https://www.espncricinfo.com/ci/engine/match/565820.html
274,Colombo (RPS),19 Sep 2012,https://www.espncricinfo.com/ci/engine/match/533274.html
275,Colombo (RPS),23 Sep 2012,https://www.espncricinfo.com/ci/engine/match/533281.html
276,Colombo (RPS),2 Oct 2012,https://www.espncricinfo.com/ci/engine/match/533295.html
277,Pune,20 Dec 2012,https://www.espncricinfo.com/ci/engine/match/565810.html
278,Wankhede,22 Dec 2012,https://www.espncricinfo.com/ci/engine/match/565811.html
279,Bengaluru,25 Dec 2012,https://www.espncricinfo.com/ci/engine/match/589306.html
280,Ahmedabad,28 Dec 2012,https://www.espncricinfo.com/ci/engine/match/589307.html
281,Rajkot,10 Oct 2013,https://www.espncricinfo.com/ci/engine/match/647247.html
282,Mirpur,28 Mar 2014,https://www.espncricinfo.com/ci/engine/match/682943.html
283,Mirpur,4 Apr 2014,https://www.espncricinfo.com/ci/engine/match/682963.html
284,Mirpur,6 Apr 2014,https://www.espncricinfo.com/ci/engine/match/682965.html
285,Birmingham,7 Sep 2014,https://www.espncricinfo.com/ci/engine/match/667731.html
286,Melbourne,29 Jan 2016,https://www.espncricinfo.com/ci/engine/match/895819.html
287,Pune,9 Feb 2016,https://www.espncricinfo.com/ci/engine/match/963697.html
288,Ranchi,12 Feb 2016,https://www.espncricinfo.com/ci/engine/match/963699.html
289,Mirpur,24 Feb 2016,https://www.espncricinfo.com/ci/engine/match/966745.html
290,Mirpur,27 Feb 2016,https://www.espncricinfo.com/ci/engine/match/966751.html
291,Mirpur,1 Mar 2016,https://www.espncricinfo.com/ci/engine/match/966757.html
292,Mirpur,6 Mar 2016,https://www.espncricinfo.com/ci/engine/match/966765.html
293,Nagpur,15 Mar 2016,https://www.espncricinfo.com/ci/engine/match/951329.html
294,Eden Gardens,19 Mar 2016,https://www.espncricinfo.com/ci/engine/match/951341.html
295,Bengaluru,23 Mar 2016,https://www.espncricinfo.com/ci/engine/match/951353.html
296,Wankhede,31 Mar 2016,https://www.espncricinfo.com/ci/engine/match/951371.html
297,Lauderhill,27 Aug 2016,https://www.espncricinfo.com/ci/engine/match/1041615.html
298,Kanpur,26 Jan 2017,https://www.espncricinfo.com/ci/engine/match/1034825.html
299,Nagpur,29 Jan 2017,https://www.espncricinfo.com/ci/engine/match/1034827.html
300,Colombo (RPS),6 Sep 2017,https://www.espncricinfo.com/ci/engine/match/1109610.html
301,Delhi,1 Nov 2017,https://www.espncricinfo.com/ci/engine/match/1120093.html
302,Thiruvananthapuram,7 Nov 2017,https://www.espncricinfo.com/ci/engine/match/1120095.html
303,Cuttack,20 Dec 2017,https://www.espncricinfo.com/ci/engine/match/1122729.html
304,Indore,22 Dec 2017,https://www.espncricinfo.com/ci/engine/match/1122730.html
305,Wankhede,24 Dec 2017,https://www.espncricinfo.com/ci/engine/match/1122731.html
306,Johannesburg,18 Feb 2018,https://www.espncricinfo.com/ci/engine/match/1122285.html
307,Centurion,21 Feb 2018,https://www.espncricinfo.com/ci/engine/match/1122286.html
308,Dublin (Malahide),27 Jun 2018,https://www.espncricinfo.com/ci/engine/match/1140992.html
309,Cardiff,6 Jul 2018,https://www.espncricinfo.com/ci/engine/match/1119544.html
310,Auckland,27 Nov 2020,https://www.espncricinfo.com/ci/engine/match/1233954.html
311,Mount Maunganui,29 Nov 2020,https://www.espncricinfo.com/ci/engine/match/1233955.html
312,Auckland,18 Dec 2020,https://www.espncricinfo.com/ci/engine/match/1233959.html
313,Napier,22 Dec 2020,https://www.espncricinfo.com/ci/engine/match/1233961.html
314,Hamilton,28 Mar 2021,https://www.espncricinfo.com/ci/engine/match/1233979.html
315,Napier,30 Mar 2021,https://www.espncricinfo.com/ci/engine/match/1233980.html
316,Sharjah,26 Oct 2021,https://www.espncricinfo.com/ci/engine/match/1273730.html
317,Dubai (DSC),3 Nov 2021,https://www.espncricinfo.com/ci/engine/match/1273743.html
318,Sharjah,5 Nov 2021,https://www.espncricinfo.com/ci/engine/match/1273747.html
319,Abu Dhabi,7 Nov 2021,https://www.espncricinfo.com/ci/engine/match/1273751.html
320,Abu Dhabi,10 Nov 2021,https://www.espncricinfo.com/ci/engine/match/1273754.html
321,Kingston,10 Aug 2022,https://www.espncricinfo.com/ci/engine/match/1317908.html
322,Kingston,12 Aug 2022,https://www.espncricinfo.com/ci/engine/match/1317909.html
323,Kingston,14 Aug 2022,https://www.espncricinfo.com/ci/engine/match/1317910.html
324,Christchurch,8 Oct 2022,https://www.espncricinfo.com/ci/engine/match/1322335.html
325,Christchurch,9 Oct 2022,https://www.espncricinfo.com/ci/engine/match/1322336.html
326,Christchurch,11 Oct 2022,https://www.espncricinfo.com/ci/engine/match/1322337.html
327,Christchurch,12 Oct 2022,https://www.espncricinfo.com/ci/engine/match/1322338.html
328,Christchurch,14 Oct 2022,https://www.espncricinfo.com/ci/engine/match/1322340.html
329,Sydney,29 Oct 2022,https://www.espncricinfo.com/ci/engine/match/1298161.html
330,Adelaide,4 Nov 2022,https://www.espncricinfo.com/ci/engine/match/1298171.html
331,Sydney,9 Nov 2022,https://www.espncricinfo.com/ci/engine/match/1298177.html
332,Ranchi,27 Jan 2023,https://www.espncricinfo.com/ci/engine/match/1348649.html
333,Lucknow,29 Jan 2023,https://www.espncricinfo.com/ci/engine/match/1348650.html
334,Ahmedabad,1 Feb 2023,https://www.espncricinfo.com/ci/engine/match/1348651.html
335,Auckland,12 Jan 2024,https://www.espncricinfo.com/ci/engine/match/1388216.html
336,Hamilton,14 Jan 2024,https://www.espncricinfo.com/ci/engine/match/1388217.html
337,Dunedin,17 Jan 2024,https://www.espncricinfo.com/ci/engine/match/1388218.html
338,Colombo (RPS),28 Jul 2021,https://www.espncricinfo.com/ci/engine/match/1262759.html
339,Colombo (RPS),29 Jul 2021,https://www.espncricinfo.com/ci/engine/match/1262760.html
340,Dublin (Malahide),18 Aug 2023,https://www.espncricinfo.com/ci/engine/match/1384634.html
341,Dublin (Malahide),20 Aug 2023,https://www.espncricinfo.com/ci/engine/match/1384637.html
342,Hangzhou,3 Oct 2023,https://www.espncricinfo.com/ci/engine/match/1399113.html
343,Hangzhou,6 Oct 2023,https://www.espncricinfo.com/ci/engine/match/1399117.html
344,Thiruvananthapuram,26 Nov 2023,https://www.espncricinfo.com/ci/engine/match/1389392.html
345,Guwahati,28 Nov 2023,https://www.espncricinfo.com/ci/engine/match/1389393.html
346,Harare,17 Jul 2015,https://www.espncricinfo.com/ci/engine/match/885969.html
347,Visakhapatnam,14 Feb 2016,https://www.espncricinfo.com/ci/engine/match/963701.html
348,Lauderhill,28 Aug 2016,https://www.espncricinfo.com/ci/engine/match/1041617.html
349,Hamilton,29 Jan 2020,https://www.espncricinfo.com/ci/engine/match/1187679.html
350,Canberra,4 Dec 2020,https://www.espncricinfo.com/ci/engine/match/1223952.html
351,Lucknow,24 Feb 2022,https://www.espncricinfo.com/ci/engine/match/1278684.html
352,Dharamsala,26 Feb 2022,https://www.espncricinfo.com/ci/engine/match/1278685.html
353,Dharamsala,27 Feb 2022,https://www.espncricinfo.com/ci/engine/match/1278686.html
354,Dubai (DSC),28 Aug 2022,https://www.espncricinfo.com/ci/engine/match/1327270.html
355,Johannesburg,14 Dec 2023,https://www.espncricinfo.com/ci/engine/match/1387599.html
356,Manchester,23 Jun 2015,https://www.espncricinfo.com/ci/engine/match/743953.html
357,Auckland,15 Jan 2016,https://www.espncricinfo.com/ci/engine/match/914221.html
358,Wellington,22 Jan 2016,https://www.espncricinfo.com/ci/engine/match/914225.html
359,Eden Gardens,26 Mar 2016,https://www.espncricinfo.com/ci/engine/match/951359.html
360,Delhi,30 Mar 2016,https://www.espncricinfo.com/ci/engine/match/951369.html
361,Mount Maunganui,6 Jan 2017,https://www.espncricinfo.com/ci/engine/match/1019981.html
362,Auckland,17 Feb 2017,https://www.espncricinfo.com/ci/engine/match/1020029.html
363,Mount Maunganui,3 Jan 2018,https://www.espncricinfo.com/ci/engine/match/1115800.html
364,Auckland,25 Jan 2018,https://www.espncricinfo.com/ci/engine/match/1115808.html
365,Mount Maunganui,28 Jan 2018,https://www.espncricinfo.com/ci/engine/match/1115809.html
366,Auckland,11 Jan 2019,https://www.espncricinfo.com/ci/engine/match/1153843.html
367,Pallekele,1 Sep 2019,https://www.espncricinfo.com/ci/engine/match/1192875.html
368,Pallekele,3 Sep 2019,https://www.espncricinfo.com/ci/engine/match/1192876.html
369,Pallekele,6 Sep 2019,https://www.espncricinfo.com/ci/engine/match/1192877.html
370,Christchurch,1 Nov 2019,https://www.espncricinfo.com/ci/engine/match/1187665.html
371,Wellington,3 Nov 2019,https://www.espncricinfo.com/ci/engine/match/1187666.html
372,Nelson,5 Nov 2019,https://www.espncricinfo.com/ci/engine/match/1187667.html
373,Napier,8 Nov 2019,https://www.espncricinfo.com/ci/engine/match/1187668.html
374,Auckland,24 Jan 2020,https://www.espncricinfo.com/ci/engine/match/1187677.html
375,Auckland,26 Jan 2020,https://www.espncricinfo.com/ci/engine/match/1187678.html
376,Wellington,31 Jan 2020,https://www.espncricinfo.com/ci/engine/match/1187680.html
377,Mount Maunganui,2 Feb 2020,https://www.espncricinfo.com/ci/engine/match/1187681.html
378,Belfast,18 Jul 2022,https://www.espncricinfo.com/ci/engine/match/1303312.html
379,The Hague,4 Aug 2022,https://www.espncricinfo.com/ci/engine/match/1310901.html
380,The Hague,5 Aug 2022,https://www.espncricinfo.com/ci/engine/match/1310902.html
381,Dubai (DSC),17 Aug 2023,https://www.espncricinfo.com/ci/engine/match/1377727.html
382,Dubai (DSC),19 Aug 2023,https://www.espncricinfo.com/ci/engine/match/1377728.html
383,Dubai (DSC),20 Aug 2023,https://www.espncricinfo.com/ci/engine/match/1377729.html
384,Napier,27 Dec 2023,https://www.espncricinfo.com/ci/engine/match/1388213.html
385,Mount Maunganui,31 Dec 2023,https://www.espncricinfo.com/ci/engine/match/1388215.html
386,Christchurch,21 Jan 2024,https://www.espncricinfo.com/ci/engine/match/1388220.html
387,Bridgetown,11 Mar 2014,https://www.espncricinfo.com/ci/engine/match/636537.html
388,Bridgetown,13 Mar 2014,https://www.espncricinfo.com/ci/engine/match/636538.html
389,Chattogram,22 Mar 2014,https://www.espncricinfo.com/ci/engine/match/682925.html
390,Chattogram,27 Mar 2014,https://www.espncricinfo.com/ci/engine/match/682939.html
391,Chattogram,29 Mar 2014,https://www.espncricinfo.com/ci/engine/match/682947.html
392,Chattogram,31 Mar 2014,https://www.espncricinfo.com/ci/engine/match/682953.html
393,Dubai (DSC),26 Nov 2015,https://www.espncricinfo.com/ci/engine/match/902649.html
394,Sharjah,30 Nov 2015,https://www.espncricinfo.com/ci/engine/match/902653.html
395,Cape Town,19 Feb 2016,https://www.espncricinfo.com/ci/engine/match/800479.html
396,Johannesburg,21 Feb 2016,https://www.espncricinfo.com/ci/engine/match/800481.html
397,Wankhede,16 Mar 2016,https://www.espncricinfo.com/ci/engine/match/951331.html
398,Wankhede,18 Mar 2016,https://www.espncricinfo.com/ci/engine/match/951339.html
399,Delhi,23 Mar 2016,https://www.espncricinfo.com/ci/engine/match/951351.html
400,Eden Gardens,3 Apr 2016,https://www.espncricinfo.com/ci/engine/match/951373.html
401,Manchester,7 Sep 2016,https://www.espncricinfo.com/ci/engine/match/913663.html
402,Birmingham,27 Jun 2018,https://www.espncricinfo.com/ci/engine/match/1119542.html
403,Manchester,3 Jul 2018,https://www.espncricinfo.com/ci/engine/match/1119543.html
404,Colombo (RPS),27 Oct 2018,https://www.espncricinfo.com/ci/engine/match/1140384.html
405,East London,12 Feb 2020,https://www.espncricinfo.com/ci/engine/match/1185313.html
406,Durban,14 Feb 2020,https://www.espncricinfo.com/ci/engine/match/1185314.html
407,Centurion,16 Feb 2020,https://www.espncricinfo.com/ci/engine/match/1185315.html
408,Manchester,28 Aug 2020,https://www.espncricinfo.com/ci/engine/match/1198244.html
409,Manchester,30 Aug 2020,https://www.espncricinfo.com/ci/engine/match/1198245.html
410,Manchester,1 Sep 2020,https://www.espncricinfo.com/ci/engine/match/1198246.html
411,Southampton,26 Jun 2021,https://www.espncricinfo.com/ci/engine/match/1249208.html
412,Nottingham,16 Jul 2021,https://www.espncricinfo.com/ci/engine/match/1239540.html
413,Leeds,18 Jul 2021,https://www.espncricinfo.com/ci/engine/match/1239541.html
414,Manchester,20 Jul 2021,https://www.espncricinfo.com/ci/engine/match/1239542.html
415,Dubai (DSC),23 Oct 2021,https://www.espncricinfo.com/ci/engine/match/1273725.html
416,Sharjah,1 Nov 2021,https://www.espncricinfo.com/ci/engine/match/1273740.html
417,Sharjah,6 Nov 2021,https://www.espncricinfo.com/ci/engine/match/1273750.html
418,Bridgetown,29 Jan 2022,https://www.espncricinfo.com/ci/engine/match/1256723.html
419,Bridgetown,30 Jan 2022,https://www.espncricinfo.com/ci/engine/match/1256724.html
420,Chattogram,9 Mar 2023,https://www.espncricinfo.com/ci/engine/match/1351400.html
421,Mirpur,12 Mar 2023,https://www.espncricinfo.com/ci/engine/match/1351401.html
422,Mirpur,14 Mar 2023,https://www.espncricinfo.com/ci/engine/match/1351402.html
423,Mohali,11 Jan 2024,https://www.espncricinfo.com/ci/engine/match/1389396.html
424,Indore,14 Jan 2024,https://www.espncricinfo.com/ci/engine/match/1389397.html
425,Bengaluru,17 Jan 2024,https://www.espncricinfo.com/ci/engine/match/1389398.html
426,Mirpur,1 Sep 2021,https://www.espncricinfo.com/ci/engine/match/1272093.html
427,Mirpur,3 Sep 2021,https://www.espncricinfo.com/ci/engine/match/1272094.html
428,Mirpur,5 Sep 2021,https://www.espncricinfo.com/ci/engine/match/1272095.html
429,Mirpur,8 Sep 2021,https://www.espncricinfo.com/ci/engine/match/1272096.html
430,Mirpur,10 Sep 2021,https://www.espncricinfo.com/ci/engine/match/1272097.html
431,Auckland,2 Apr 2023,https://www.espncricinfo.com/ci/engine/match/1322362.html
432,Queenstown,8 Apr 2023,https://www.espncricinfo.com/ci/engine/match/1322364.html
433,Lahore,14 Apr 2023,https://www.espncricinfo.com/ci/engine/match/1339614.html
434,Lahore,15 Apr 2023,https://www.espncricinfo.com/ci/engine/match/1339615.html
435,Lahore,17 Apr 2023,https://www.espncricinfo.com/ci/engine/match/1339616.html
436,Rawalpindi,20 Apr 2023,https://www.espncricinfo.com/ci/engine/match/1339617.html
437,Pune,10 Jan 2020,https://www.espncricinfo.com/ci/engine/match/1202244.html
438,Sydney,8 Dec 2020,https://www.espncricinfo.com/ci/engine/match/1223954.html
439,Auckland,1 Apr 2021,https://www.espncricinfo.com/ci/engine/match/1233981.html
440,Belfast,20 Jul 2022,https://www.espncricinfo.com/ci/engine/match/1303313.html
441,Belfast,22 Jul 2022,https://www.espncricinfo.com/ci/engine/match/1303314.html
442,Edinburgh,27 Jul 2022,https://www.espncricinfo.com/ci/engine/match/1307477.html
443,Edinburgh,29 Jul 2022,https://www.espncricinfo.com/ci/engine/match/1307478.html
444,Rawalpindi,24 Apr 2023,https://www.espncricinfo.com/ci/engine/match/1339618.html
445,Mount Maunganui,29 Dec 2023,https://www.espncricinfo.com/ci/engine/match/1388214.html
446,Christchurch,19 Jan 2024,https://www.espncricinfo.com/ci/engine/match/1388219.html
447,Providence,8 Aug 2023,https://www.espncricinfo.com/ci/engine/match/1381219.html
448,Sydney,2 Feb 2014,https://www.espncricinfo.com/ci/engine/match/636166.html
449,Sydney,6 Dec 2020,https://www.espncricinfo.com/ci/engine/match/1223953.html
450,Sydney,11 Feb 2022,https://www.espncricinfo.com/ci/engine/match/1263471.html
451,Sydney,13 Feb 2022,https://www.espncricinfo.com/ci/engine/match/1263472.html
452,Melbourne,20 Feb 2022,https://www.espncricinfo.com/ci/engine/match/1263475.html
453,Nagpur,23 Sep 2022,https://www.espncricinfo.com/ci/engine/match/1327504.html
454,Hyderabad,25 Sep 2022,https://www.espncricinfo.com/ci/engine/match/1327505.html
455,Auckland,11 Feb 2012,https://www.espncricinfo.com/ci/engine/match/520595.html
456,Hamilton,14 Feb 2012,https://www.espncricinfo.com/ci/engine/match/520596.html
457,Wellington,17 Feb 2012,https://www.espncricinfo.com/ci/engine/match/520597.html
458,Hamilton,19 Feb 2012,https://www.espncricinfo.com/ci/engine/match/520598.html
459,Auckland,22 Feb 2012,https://www.espncricinfo.com/ci/engine/match/520599.html
460,Lauderhill,30 Jun 2012,https://www.espncricinfo.com/ci/engine/match/560921.html
461,Lauderhill,1 Jul 2012,https://www.espncricinfo.com/ci/engine/match/560922.html
462,Pallekele,23 Sep 2012,https://www.espncricinfo.com/ci/engine/match/533280.html
463,Pallekele,27 Sep 2012,https://www.espncricinfo.com/ci/engine/match/533284.html
464,Pallekele,29 Sep 2012,https://www.espncricinfo.com/ci/engine/match/533288.html
465,Chattogram,24 Mar 2014,https://www.espncricinfo.com/ci/engine/match/682931.html
466,Chattogram,29 Mar 2014,https://www.espncricinfo.com/ci/engine/match/682945.html
467,Chattogram,31 Mar 2014,https://www.espncricinfo.com/ci/engine/match/682955.html
468,Roseau,5 Jul 2014,https://www.espncricinfo.com/ci/engine/match/730283.html
469,Roseau,6 Jul 2014,https://www.espncricinfo.com/ci/engine/match/730285.html
470,Dubai (DSC),4 Dec 2014,https://www.espncricinfo.com/ci/engine/match/742617.html
471,Dubai (DSC),5 Dec 2014,https://www.espncricinfo.com/ci/engine/match/754039.html
472,Harare,9 Aug 2015,https://www.espncricinfo.com/ci/engine/match/894293.html
473,Durban,14 Aug 2015,https://www.espncricinfo.com/ci/engine/match/848839.html
474,Centurion,16 Aug 2015,https://www.espncricinfo.com/ci/engine/match/848841.html
475,Mount Maunganui,7 Jan 2016,https://www.espncricinfo.com/ci/engine/match/914217.html
476,Auckland,10 Jan 2016,https://www.espncricinfo.com/ci/engine/match/914219.html
477,Hamilton,17 Jan 2016,https://www.espncricinfo.com/ci/engine/match/914223.html
478,Mohali,22 Mar 2016,https://www.espncricinfo.com/ci/engine/match/951349.html
479,Napier,3 Jan 2017,https://www.espncricinfo.com/ci/engine/match/1019979.html
480,Mount Maunganui,8 Jan 2017,https://www.espncricinfo.com/ci/engine/match/1019983.html
481,Mount Maunganui,1 Jan 2018,https://www.espncricinfo.com/ci/engine/match/1115799.html
482,Wellington,13 Feb 2018,https://www.espncricinfo.com/ci/engine/match/1072319.html
483,Hamilton,18 Feb 2018,https://www.espncricinfo.com/ci/engine/match/1072321.html
484,Abu Dhabi,31 Oct 2018,https://www.espncricinfo.com/ci/engine/match/1157375.html
485,Dubai (DSC),2 Nov 2018,https://www.espncricinfo.com/ci/engine/match/1157376.html
486,Dubai (DSC),4 Nov 2018,https://www.espncricinfo.com/ci/engine/match/1157377.html
487,Hamilton,20 Dec 2020,https://www.espncricinfo.com/ci/engine/match/1233960.html
488,Mirpur,3 Mar 2022,https://www.espncricinfo.com/ci/engine/match/1299832.html
489,Harare,14 Jun 2022,https://www.espncricinfo.com/ci/engine/match/1310948.html
490,Belfast,9 Aug 2022,https://www.espncricinfo.com/ci/engine/match/1307159.html
491,Belfast,11 Aug 2022,https://www.espncricinfo.com/ci/engine/match/1307160.html
492,Belfast,15 Aug 2022,https://www.espncricinfo.com/ci/engine/match/1307162.html
493,Belfast,17 Aug 2022,https://www.espncricinfo.com/ci/engine/match/1307163.html
494,Sharjah,7 Sep 2022,https://www.espncricinfo.com/ci/engine/match/1327278.html
495,Brisbane,1 Nov 2022,https://www.espncricinfo.com/ci/engine/match/1298166.html
496,Abu Dhabi,18 Feb 2023,https://www.espncricinfo.com/ci/engine/match/1357695.html
497,Sharjah,27 Mar 2023,https://www.espncricinfo.com/ci/engine/match/1362817.html
498,Sylhet,14 Jul 2023,https://www.espncricinfo.com/ci/engine/match/1377015.html
499,Sylhet,16 Jul 2023,https://www.espncricinfo.com/ci/engine/match/1377016.html
500,Sharjah,29 Dec 2023,https://www.espncricinfo.com/ci/engine/match/1412549.html
501,Sharjah,31 Dec 2023,https://www.espncricinfo.com/ci/engine/match/1412550.html
502,Sharjah,2 Jan 2024,https://www.espncricinfo.com/ci/engine/match/1412551.html
503,Mirpur,14 Sep 2019,https://www.espncricinfo.com/ci/engine/match/1197141.html
504,Mirpur,15 Sep 2019,https://www.espncricinfo.com/ci/engine/match/1197142.html
505,Chattogram,20 Sep 2019,https://www.espncricinfo.com/ci/engine/match/1197144.html
506,Chattogram,21 Sep 2019,https://www.espncricinfo.com/ci/engine/match/1197145.html
507,Lucknow,14 Nov 2019,https://www.espncricinfo.com/ci/engine/match/1193494.html
508,Lucknow,16 Nov 2019,https://www.espncricinfo.com/ci/engine/match/1193495.html
509,Greater Noida,6 Mar 2020,https://www.espncricinfo.com/ci/engine/match/1216416.html
510,Greater Noida,8 Mar 2020,https://www.espncricinfo.com/ci/engine/match/1216417.html
511,Greater Noida,10 Mar 2020,https://www.espncricinfo.com/ci/engine/match/1216418.html
512,Abu Dhabi,17 Mar 2021,https://www.espncricinfo.com/ci/engine/match/1252058.html
513,Abu Dhabi,19 Mar 2021,https://www.espncricinfo.com/ci/engine/match/1252059.html
514,Abu Dhabi,20 Mar 2021,https://www.espncricinfo.com/ci/engine/match/1252060.html
515,Sharjah,25 Oct 2021,https://www.espncricinfo.com/ci/engine/match/1273728.html
516,Dubai (DSC),29 Oct 2021,https://www.espncricinfo.com/ci/engine/match/1273735.html
517,Abu Dhabi,31 Oct 2021,https://www.espncricinfo.com/ci/engine/match/1273738.html
518,Mirpur,5 Mar 2022,https://www.espncricinfo.com/ci/engine/match/1299833.html
519,Harare,11 Jun 2022,https://www.espncricinfo.com/ci/engine/match/1310946.html
520,Harare,12 Jun 2022,https://www.espncricinfo.com/ci/engine/match/1310947.html
521,Belfast,12 Aug 2022,https://www.espncricinfo.com/ci/engine/match/1307161.html
522,Dubai (DSC),27 Aug 2022,https://www.espncricinfo.com/ci/engine/match/1327269.html
523,Sharjah,30 Aug 2022,https://www.espncricinfo.com/ci/engine/match/1327271.html
524,Sharjah,3 Sep 2022,https://www.espncricinfo.com/ci/engine/match/1327275.html
525,Abu Dhabi,16 Feb 2023,https://www.espncricinfo.com/ci/engine/match/1357694.html
526,Abu Dhabi,19 Feb 2023,https://www.espncricinfo.com/ci/engine/match/1357696.html
527,Sharjah,24 Mar 2023,https://www.espncricinfo.com/ci/engine/match/1362815.html
528,Sharjah,26 Mar 2023,https://www.espncricinfo.com/ci/engine/match/1362816.html
529,Rajkot,7 Nov 2019,https://www.espncricinfo.com/ci/engine/match/1187014.html
530,St George's,15 Jan 2020,https://www.espncricinfo.com/ci/engine/match/1203676.html
531,Dubai (DSC),27 Nov 2015,https://www.espncricinfo.com/ci/engine/match/902651.html
532,Delhi,26 Mar 2016,https://www.espncricinfo.com/ci/engine/match/951361.html
533,Southampton,5 Jul 2016,https://www.espncricinfo.com/ci/engine/match/913633.html
534,Southampton,21 Jun 2017,https://www.espncricinfo.com/ci/engine/match/1031431.html
535,Taunton,23 Jun 2017,https://www.espncricinfo.com/ci/engine/match/1031433.html
536,Cardiff,25 Jun 2017,https://www.espncricinfo.com/ci/engine/match/1031435.html
537,Chester-le-Street,16 Sep 2017,https://www.espncricinfo.com/ci/engine/match/1031665.html
538,Bristol,8 Jul 2018,https://www.espncricinfo.com/ci/engine/match/1119545.html
539,Cape Town,27 Nov 2020,https://www.espncricinfo.com/ci/engine/match/1237122.html
540,Paarl,29 Nov 2020,https://www.espncricinfo.com/ci/engine/match/1237123.html
541,Cape Town,1 Dec 2020,https://www.espncricinfo.com/ci/engine/match/1237124.html
542,Ahmedabad,20 Mar 2021,https://www.espncricinfo.com/ci/engine/match/1243392.html
543,Cardiff,23 Jun 2021,https://www.espncricinfo.com/ci/engine/match/1249206.html
544,Cardiff,24 Jun 2021,https://www.espncricinfo.com/ci/engine/match/1249207.html
545,Abu Dhabi,27 Oct 2021,https://www.espncricinfo.com/ci/engine/match/1273731.html
546,Gros Islet,21 Apr 2011,https://www.espncricinfo.com/ci/engine/match/489212.html
547,The Oval,23 Sep 2011,https://www.espncricinfo.com/ci/engine/match/525816.html
548,The Oval,25 Sep 2011,https://www.espncricinfo.com/ci/engine/match/525817.html
549,Mirpur,11 Oct 2011,https://www.espncricinfo.com/ci/engine/match/531982.html
550,Pallekele,27 Sep 2012,https://www.espncricinfo.com/ci/engine/match/533285.html
551,Pallekele,29 Sep 2012,https://www.espncricinfo.com/ci/engine/match/533289.html
552,Pallekele,1 Oct 2012,https://www.espncricinfo.com/ci/engine/match/533292.html
553,Colombo (RPS),7 Oct 2012,https://www.espncricinfo.com/ci/engine/match/533298.html
554,Brisbane,13 Feb 2013,https://www.espncricinfo.com/ci/engine/match/573027.html
555,North Sound,3 Mar 2013,https://www.espncricinfo.com/ci/engine/match/593987.html
556,Auckland,11 Jan 2014,https://www.espncricinfo.com/ci/engine/match/661695.html
557,Wellington,15 Jan 2014,https://www.espncricinfo.com/ci/engine/match/661697.html
558,Kingston,19 Feb 2014,https://www.espncricinfo.com/ci/engine/match/702141.html
559,Kingston,21 Feb 2014,https://www.espncricinfo.com/ci/engine/match/702143.html
560,Bridgetown,9 Mar 2014,https://www.espncricinfo.com/ci/engine/match/636536.html
561,Mirpur,23 Mar 2014,https://www.espncricinfo.com/ci/engine/match/682929.html
562,Mirpur,25 Mar 2014,https://www.espncricinfo.com/ci/engine/match/682935.html
563,Mirpur,1 Apr 2014,https://www.espncricinfo.com/ci/engine/match/682959.html
564,Cape Town,9 Jan 2015,https://www.espncricinfo.com/ci/engine/match/722335.html
565,Johannesburg,11 Jan 2015,https://www.espncricinfo.com/ci/engine/match/722337.html
566,Durban,14 Jan 2015,https://www.espncricinfo.com/ci/engine/match/736063.html
567,Pallekele,9 Nov 2015,https://www.espncricinfo.com/ci/engine/match/915783.html
568,Colombo (RPS),11 Nov 2015,https://www.espncricinfo.com/ci/engine/match/915785.html
569,Bengaluru,20 Mar 2016,https://www.espncricinfo.com/ci/engine/match/951345.html
570,Nagpur,25 Mar 2016,https://www.espncricinfo.com/ci/engine/match/951357.html
571,Nagpur,27 Mar 2016,https://www.espncricinfo.com/ci/engine/match/951365.html
572,Lord's,31 May 2018,https://www.espncricinfo.com/ci/engine/match/1141232.html
573,Basseterre,31 Jul 2018,https://www.espncricinfo.com/ci/engine/match/1146723.html
574,Lauderhill,4 Aug 2018,https://www.espncricinfo.com/ci/engine/match/1146724.html
575,Lauderhill,5 Aug 2018,https://www.espncricinfo.com/ci/engine/match/1146725.html
576,Pallekele,4 Mar 2020,https://www.espncricinfo.com/ci/engine/match/1213874.html
577,Pallekele,6 Mar 2020,https://www.espncricinfo.com/ci/engine/match/1213875.html
578,St George's,26 Jun 2021,https://www.espncricinfo.com/ci/engine/match/1263151.html
579,St George's,27 Jun 2021,https://www.espncricinfo.com/ci/engine/match/1263152.html
580,St George's,29 Jun 2021,https://www.espncricinfo.com/ci/engine/match/1263153.html
581,St George's,1 Jul 2021,https://www.espncricinfo.com/ci/engine/match/1263154.html
582,St George's,3 Jul 2021,https://www.espncricinfo.com/ci/engine/match/1263155.html
583,Bridgetown,28 Jul 2021,https://www.espncricinfo.com/ci/engine/match/1263164.html
584,Dubai (DSC),26 Oct 2021,https://www.espncricinfo.com/ci/engine/match/1273729.html
585,Sharjah,29 Oct 2021,https://www.espncricinfo.com/ci/engine/match/1273734.html
586,Abu Dhabi,4 Nov 2021,https://www.espncricinfo.com/ci/engine/match/1273746.html
587,Harare,20 Jun 2016,https://www.espncricinfo.com/ci/engine/match/1007657.html
588,Colombo (RPS),12 Mar 2018,https://www.espncricinfo.com/ci/engine/match/1133820.html
589,Colombo (RPS),18 Mar 2018,https://www.espncricinfo.com/ci/engine/match/1133823.html
590,Dublin (Malahide),29 Jun 2018,https://www.espncricinfo.com/ci/engine/match/1140993.html
591,Dubai (DSC),5 Nov 2021,https://www.espncricinfo.com/ci/engine/match/1273748.html
592,Dubai (DSC),8 Nov 2021,https://www.espncricinfo.com/ci/engine/match/1273753.html
593,Dubai (DSC),31 Aug 2022,https://www.espncricinfo.com/ci/engine/match/1327272.html
594,Guwahati,2 Oct 2022,https://www.espncricinfo.com/ci/engine/match/1327507.html
595,Sydney,27 Oct 2022,https://www.espncricinfo.com/ci/engine/match/1298157.html
596,Durban,21 Dec 2012,https://www.espncricinfo.com/ci/engine/match/567353.html
597,East London,23 Dec 2012,https://www.espncricinfo.com/ci/engine/match/567354.html
598,Gqeberha,26 Dec 2012,https://www.espncricinfo.com/ci/engine/match/567355.html
599,Colombo (RPS),2 Aug 2013,https://www.espncricinfo.com/ci/engine/match/635658.html
600,Hambantota,4 Aug 2013,https://www.espncricinfo.com/ci/engine/match/635659.html
601,Hambantota,6 Aug 2013,https://www.espncricinfo.com/ci/engine/match/635660.html
602,Dubai (DSC),13 Nov 2013,https://www.espncricinfo.com/ci/engine/match/649101.html
603,Dubai (DSC),15 Nov 2013,https://www.espncricinfo.com/ci/engine/match/649103.html
604,Johannesburg,20 Nov 2013,https://www.espncricinfo.com/ci/engine/match/685727.html
605,Cape Town,22 Nov 2013,https://www.espncricinfo.com/ci/engine/match/685729.html
606,Centurion,14 Mar 2014,https://www.espncricinfo.com/ci/engine/match/648683.html
607,Chattogram,22 Mar 2014,https://www.espncricinfo.com/ci/engine/match/682923.html
608,Chattogram,27 Mar 2014,https://www.espncricinfo.com/ci/engine/match/682937.html
609,Adelaide,5 Nov 2014,https://www.espncricinfo.com/ci/engine/match/754717.html
610,Melbourne,7 Nov 2014,https://www.espncricinfo.com/ci/engine/match/754719.html
611,Sydney,9 Nov 2014,https://www.espncricinfo.com/ci/engine/match/754721.html
612,Mirpur,5 Jul 2015,https://www.espncricinfo.com/ci/engine/match/817203.html
613,Mirpur,7 Jul 2015,https://www.espncricinfo.com/ci/engine/match/817205.html
614,Wankhede,20 Mar 2016,https://www.espncricinfo.com/ci/engine/match/951343.html
615,Delhi,28 Mar 2016,https://www.espncricinfo.com/ci/engine/match/951367.html
616,Bloemfontein,26 Oct 2017,https://www.espncricinfo.com/ci/engine/match/1075507.html
617,Colombo (RPS),14 Aug 2018,https://www.espncricinfo.com/ci/engine/match/1142589.html
618,East London,9 Oct 2018,https://www.espncricinfo.com/ci/engine/match/1144149.html
619,Potchefstroom,12 Oct 2018,https://www.espncricinfo.com/ci/engine/match/1144150.html
620,Carrara,17 Nov 2018,https://www.espncricinfo.com/ci/engine/match/1144989.html
621,Cape Town,19 Mar 2019,https://www.espncricinfo.com/ci/engine/match/1144172.html
622,Dublin (Malahide),19 Jul 2021,https://www.espncricinfo.com/ci/engine/match/1251953.html
623,Belfast,22 Jul 2021,https://www.espncricinfo.com/ci/engine/match/1251954.html
624,Colombo (RPS),10 Sep 2021,https://www.espncricinfo.com/ci/engine/match/1271630.html
625,Colombo (RPS),12 Sep 2021,https://www.espncricinfo.com/ci/engine/match/1271631.html
626,Colombo (RPS),14 Sep 2021,https://www.espncricinfo.com/ci/engine/match/1271632.html
627,Sharjah,30 Oct 2021,https://www.espncricinfo.com/ci/engine/match/1273736.html
628,Abu Dhabi,2 Nov 2021,https://www.espncricinfo.com/ci/engine/match/1273741.html
629,Bristol,5 Aug 2022,https://www.espncricinfo.com/ci/engine/match/1303316.html
630,Hobart,24 Oct 2022,https://www.espncricinfo.com/ci/engine/match/1298152.html
631,Adelaide,6 Nov 2022,https://www.espncricinfo.com/ci/engine/match/1298174.html
632,Centurion,25 Mar 2023,https://www.espncricinfo.com/ci/engine/match/1339604.html
633,Centurion,26 Mar 2023,https://www.espncricinfo.com/ci/engine/match/1339605.html
634,Johannesburg,28 Mar 2023,https://www.espncricinfo.com/ci/engine/match/1339606.html
635,Dubai (DSC),23 Sep 2016,https://www.espncricinfo.com/ci/engine/match/1050217.html
636,Dubai (DSC),24 Sep 2016,https://www.espncricinfo.com/ci/engine/match/1050219.html
637,Abu Dhabi,27 Sep 2016,https://www.espncricinfo.com/ci/engine/match/1050221.html
638,Basseterre,19 Jan 2020,https://www.espncricinfo.com/ci/engine/match/1203678.html
639,Coolidge,3 Mar 2021,https://www.espncricinfo.com/ci/engine/match/1252066.html
640,Coolidge,5 Mar 2021,https://www.espncricinfo.com/ci/engine/match/1252067.html
641,Coolidge,7 Mar 2021,https://www.espncricinfo.com/ci/engine/match/1252068.html
642,Providence,31 Jul 2021,https://www.espncricinfo.com/ci/engine/match/1263165.html
643,Karachi,16 Dec 2021,https://www.espncricinfo.com/ci/engine/match/1287775.html
644,Roseau,3 Jul 2022,https://www.espncricinfo.com/ci/engine/match/1317150.html
645,Providence,7 Jul 2022,https://www.espncricinfo.com/ci/engine/match/1317151.html
646,Hobart,17 Oct 2022,https://www.espncricinfo.com/ci/engine/match/1298137.html
647,Hobart,19 Oct 2022,https://www.espncricinfo.com/ci/engine/match/1298142.html
648,Hobart,21 Oct 2022,https://www.espncricinfo.com/ci/engine/match/1298145.html
649,Melbourne,17 Feb 2017,https://www.espncricinfo.com/ci/engine/match/1001349.html
650,Geelong,19 Feb 2017,https://www.espncricinfo.com/ci/engine/match/1001351.html
651,Adelaide,22 Feb 2017,https://www.espncricinfo.com/ci/engine/match/1001353.html
652,Dublin (Malahide),26 Jun 2022,https://www.espncricinfo.com/ci/engine/match/1303307.html
653,Mount Maunganui,30 Nov 2020,https://www.espncricinfo.com/ci/engine/match/1233956.html
654,Harare,3 Jul 2018,https://www.espncricinfo.com/ci/engine/match/1142915.html
655,Harare,5 Jul 2018,https://www.espncricinfo.com/ci/engine/match/1142917.html
656,Harare,6 Jul 2018,https://www.espncricinfo.com/ci/engine/match/1142918.html
657,Harare,8 Jul 2018,https://www.espncricinfo.com/ci/engine/match/1142919.html
658,Melbourne,23 Nov 2018,https://www.espncricinfo.com/ci/engine/match/1144991.html
659,Canberra,15 Feb 2022,https://www.espncricinfo.com/ci/engine/match/1263473.html
660,Melbourne,18 Feb 2022,https://www.espncricinfo.com/ci/engine/match/1263474.html
661,Lahore,5 Apr 2022,https://www.espncricinfo.com/ci/engine/match/1288316.html
662,Singapore,22 Jul 2019,https://www.espncricinfo.com/ci/engine/match/1190767.html
663,Singapore,26 Jul 2019,https://www.espncricinfo.com/ci/engine/match/1190773.html
664,Singapore,28 Jul 2019,https://www.espncricinfo.com/ci/engine/match/1190776.html
665,Singapore,28 Sep 2019,https://www.espncricinfo.com/ci/engine/match/1201681.html
666,Singapore,29 Sep 2019,https://www.espncricinfo.com/ci/engine/match/1201682.html
667,Singapore,3 Oct 2019,https://www.espncricinfo.com/ci/engine/match/1201685.html
668,ICCA Dubai,18 Oct 2019,https://www.espncricinfo.com/ci/engine/match/1199499.html
669,ICCA 2 Dubai,20 Oct 2019,https://www.espncricinfo.com/ci/engine/match/1199510.html
670,ICCA Dubai,22 Oct 2019,https://www.espncricinfo.com/ci/engine/match/1199518.html
671,ICCA 2 Dubai,23 Oct 2019,https://www.espncricinfo.com/ci/engine/match/1199522.html
672,Dubai (DSC),25 Oct 2019,https://www.espncricinfo.com/ci/engine/match/1199529.html
673,Dubai (DSC),26 Oct 2019,https://www.espncricinfo.com/ci/engine/match/1199535.html
674,Bangkok,3 Mar 2020,https://www.espncricinfo.com/ci/engine/match/1217742.html
675,Bangkok,4 Mar 2020,https://www.espncricinfo.com/ci/engine/match/1217745.html
676,Colombo (PSS),1 Feb 2010,https://www.espncricinfo.com/ci/engine/match/440224.html
677,Colombo (SSC),4 Feb 2010,https://www.espncricinfo.com/ci/engine/match/440219.html
678,Dubai (DSC),9 Feb 2010,https://www.espncricinfo.com/ci/engine/match/439495.html
679,Abu Dhabi,10 Feb 2010,https://www.espncricinfo.com/ci/engine/match/439500.html
680,Dubai (DSC),12 Feb 2010,https://www.espncricinfo.com/ci/engine/match/439507.html
681,Bridgetown,5 May 2010,https://www.espncricinfo.com/ci/engine/match/412687.html
682,Dubai (DSC),14 Mar 2012,https://www.espncricinfo.com/ci/engine/match/546418.html
683,ICCA Dubai,18 Mar 2012,https://www.espncricinfo.com/ci/engine/match/546443.html
684,Dubai (DSC),24 Mar 2012,https://www.espncricinfo.com/ci/engine/match/546477.html
685,Colombo (RPS),21 Sep 2012,https://www.espncricinfo.com/ci/engine/match/533277.html
686,Sharjah,3 Mar 2013,https://www.espncricinfo.com/ci/engine/match/592272.html
687,Sharjah,30 Sep 2013,https://www.espncricinfo.com/ci/engine/match/662383.html
688,Sharjah,11 Oct 2013,https://www.espncricinfo.com/ci/engine/match/662387.html
689,Sharjah,15 Nov 2013,https://www.espncricinfo.com/ci/engine/match/660107.html
690,Sharjah,16 Nov 2013,https://www.espncricinfo.com/ci/engine/match/660123.html
691,Sharjah,24 Nov 2013,https://www.espncricinfo.com/ci/engine/match/660203.html
692,Abu Dhabi,30 Nov 2013,https://www.espncricinfo.com/ci/engine/match/660235.html
693,Sharjah,8 Dec 2013,https://www.espncricinfo.com/ci/engine/match/657631.html
694,Mirpur,16 Mar 2014,https://www.espncricinfo.com/ci/engine/match/682897.html
695,Chattogram,18 Mar 2014,https://www.espncricinfo.com/ci/engine/match/682905.html
696,Chattogram,20 Mar 2014,https://www.espncricinfo.com/ci/engine/match/682913.html
697,Edinburgh,9 Jul 2015,https://www.espncricinfo.com/ci/engine/match/875459.html
698,Edinburgh,12 Jul 2015,https://www.espncricinfo.com/ci/engine/match/875485.html
699,Dublin (Malahide),21 Jul 2015,https://www.espncricinfo.com/ci/engine/match/875541.html
700,Dublin (Malahide),23 Jul 2015,https://www.espncricinfo.com/ci/engine/match/875545.html
701,Dublin,25 Jul 2015,https://www.espncricinfo.com/ci/engine/match/875551.html
702,Bulawayo,26 Oct 2015,https://www.espncricinfo.com/ci/engine/match/924637.html
703,Bulawayo,28 Oct 2015,https://www.espncricinfo.com/ci/engine/match/924639.html
704,Sharjah,8 Jan 2016,https://www.espncricinfo.com/ci/engine/match/953345.html
705,Sharjah,10 Jan 2016,https://www.espncricinfo.com/ci/engine/match/953347.html
706,Fatullah,19 Feb 2016,https://www.espncricinfo.com/ci/engine/match/966713.html
707,Fatullah,20 Feb 2016,https://www.espncricinfo.com/ci/engine/match/966737.html
708,Mirpur,22 Feb 2016,https://www.espncricinfo.com/ci/engine/match/966741.html
709,Nagpur,8 Mar 2016,https://www.espncricinfo.com/ci/engine/match/951307.html
710,Nagpur,10 Mar 2016,https://www.espncricinfo.com/ci/engine/match/951315.html
711,Nagpur,12 Mar 2016,https://www.espncricinfo.com/ci/engine/match/951321.html
712,Eden Gardens,17 Mar 2016,https://www.espncricinfo.com/ci/engine/match/951335.html
713,ICCA Dubai,14 Dec 2016,https://www.espncricinfo.com/ci/engine/match/1072206.html
714,Dubai (DSC),16 Dec 2016,https://www.espncricinfo.com/ci/engine/match/1072207.html
715,ICCA Dubai,18 Dec 2016,https://www.espncricinfo.com/ci/engine/match/1072208.html
716,Abu Dhabi,14 Jan 2017,https://www.espncricinfo.com/ci/engine/match/1074958.html
717,Abu Dhabi,16 Jan 2017,https://www.espncricinfo.com/ci/engine/match/1074962.html
718,Greater Noida,8 Mar 2017,https://www.espncricinfo.com/ci/engine/match/1040485.html
719,Greater Noida,10 Mar 2017,https://www.espncricinfo.com/ci/engine/match/1040487.html
720,Greater Noida,12 Mar 2017,https://www.espncricinfo.com/ci/engine/match/1040489.html
721,Basseterre,2 Jun 2017,https://www.espncricinfo.com/ci/engine/match/1089776.html
722,Basseterre,3 Jun 2017,https://www.espncricinfo.com/ci/engine/match/1089777.html
723,Basseterre,5 Jun 2017,https://www.espncricinfo.com/ci/engine/match/1089778.html
724,Sharjah,5 Feb 2018,https://www.espncricinfo.com/ci/engine/match/1134031.html
725,Sharjah,6 Feb 2018,https://www.espncricinfo.com/ci/engine/match/1134032.html
726,Dehradun,3 Jun 2018,https://www.espncricinfo.com/ci/engine/match/1145982.html
727,Dehradun,5 Jun 2018,https://www.espncricinfo.com/ci/engine/match/1145983.html
728,Dehradun,7 Jun 2018,https://www.espncricinfo.com/ci/engine/match/1145984.html
729,Bready,20 Aug 2018,https://www.espncricinfo.com/ci/engine/match/1150143.html
730,Bready,22 Aug 2018,https://www.espncricinfo.com/ci/engine/match/1150144.html
731,Dehradun,21 Feb 2019,https://www.espncricinfo.com/ci/engine/match/1168112.html
732,Dehradun,23 Feb 2019,https://www.espncricinfo.com/ci/engine/match/1168113.html
733,Dehradun,24 Feb 2019,https://www.espncricinfo.com/ci/engine/match/1168114.html
734,Port of Spain,4 Jun 2011,https://www.espncricinfo.com/ci/engine/match/489220.html
735,Mirpur,21 Mar 2014,https://www.espncricinfo.com/ci/engine/match/682921.html
736,Sydney,31 Jan 2016,https://www.espncricinfo.com/ci/engine/match/895821.html
737,Mirpur,3 Mar 2016,https://www.espncricinfo.com/ci/engine/match/966761.html
738,Colombo (RPS),14 Mar 2018,https://www.espncricinfo.com/ci/engine/match/1133821.html
739,Dubai (DSC),23 Feb 2012,https://www.espncricinfo.com/ci/engine/match/531635.html
740,Dubai (DSC),25 Feb 2012,https://www.espncricinfo.com/ci/engine/match/531636.html
741,Abu Dhabi,27 Feb 2012,https://www.espncricinfo.com/ci/engine/match/531637.html
742,Chester-le-Street,8 Sep 2012,https://www.espncricinfo.com/ci/engine/match/534233.html
743,Birmingham,12 Sep 2012,https://www.espncricinfo.com/ci/engine/match/534235.html
744,Pallekele,1 Oct 2012,https://www.espncricinfo.com/ci/engine/match/533293.html
745,Auckland,9 Feb 2013,https://www.espncricinfo.com/ci/engine/match/569237.html
746,Hamilton,12 Feb 2013,https://www.espncricinfo.com/ci/engine/match/569238.html
747,Auckland,10 Nov 2019,https://www.espncricinfo.com/ci/engine/match/1187669.html
748,Bristol,25 Jun 2011,https://www.espncricinfo.com/ci/engine/match/474466.html
749,The Oval,20 May 2014,https://www.espncricinfo.com/ci/engine/match/667887.html
750,Bulawayo,11 May 2013,https://www.espncricinfo.com/ci/engine/match/623571.html
751,Bulawayo,12 May 2013,https://www.espncricinfo.com/ci/engine/match/623572.html
752,Sylhet,17 Mar 2014,https://www.espncricinfo.com/ci/engine/match/682901.html
753,Sylhet,19 Mar 2014,https://www.espncricinfo.com/ci/engine/match/682909.html
754,Sylhet,21 Mar 2014,https://www.espncricinfo.com/ci/engine/match/682917.html
755,Lahore,22 May 2015,https://www.espncricinfo.com/ci/engine/match/868723.html
756,Harare,27 Sep 2015,https://www.espncricinfo.com/ci/engine/match/919603.html
757,Harare,29 Sep 2015,https://www.espncricinfo.com/ci/engine/match/919605.html
758,Mirpur,13 Nov 2015,https://www.espncricinfo.com/ci/engine/match/931396.html
759,Mirpur,15 Nov 2015,https://www.espncricinfo.com/ci/engine/match/931398.html
760,Khulna,15 Jan 2016,https://www.espncricinfo.com/ci/engine/match/958415.html
761,Khulna,20 Jan 2016,https://www.espncricinfo.com/ci/engine/match/958419.html
762,Khulna,22 Jan 2016,https://www.espncricinfo.com/ci/engine/match/958421.html
763,Nagpur,8 Mar 2016,https://www.espncricinfo.com/ci/engine/match/951305.html
764,Nagpur,10 Mar 2016,https://www.espncricinfo.com/ci/engine/match/951313.html
765,Rotterdam,23 Jun 2019,https://www.espncricinfo.com/ci/engine/match/1188379.html
766,Rotterdam,25 Jun 2019,https://www.espncricinfo.com/ci/engine/match/1188380.html
767,Bready,12 Jul 2019,https://www.espncricinfo.com/ci/engine/match/1168521.html
768,Mirpur,9 Mar 2020,https://www.espncricinfo.com/ci/engine/match/1214670.html
769,Mirpur,11 Mar 2020,https://www.espncricinfo.com/ci/engine/match/1214671.html
770,Rawalpindi,7 Nov 2020,https://www.espncricinfo.com/ci/engine/match/1233464.html
771,Rawalpindi,8 Nov 2020,https://www.espncricinfo.com/ci/engine/match/1233465.html
772,Harare,22 Jul 2021,https://www.espncricinfo.com/ci/engine/match/1267680.html
773,Harare,23 Jul 2021,https://www.espncricinfo.com/ci/engine/match/1267681.html
774,Harare,25 Jul 2021,https://www.espncricinfo.com/ci/engine/match/1267682.html
775,Bulawayo,17 May 2022,https://www.espncricinfo.com/ci/engine/match/1310938.html
776,Bulawayo,19 May 2022,https://www.espncricinfo.com/ci/engine/match/1310939.html
777,Bulawayo,22 May 2022,https://www.espncricinfo.com/ci/engine/match/1310941.html
778,Bulawayo,24 May 2022,https://www.espncricinfo.com/ci/engine/match/1310942.html
779,Bulawayo,11 Jul 2022,https://www.espncricinfo.com/ci/engine/match/1321465.html
780,Bulawayo,12 Jul 2022,https://www.espncricinfo.com/ci/engine/match/1321469.html
781,Bulawayo,14 Jul 2022,https://www.espncricinfo.com/ci/engine/match/1321475.html
782,Bulawayo,15 Jul 2022,https://www.espncricinfo.com/ci/engine/match/1321479.html
783,Bulawayo,17 Jul 2022,https://www.espncricinfo.com/ci/engine/match/1321484.html
784,Harare,30 Jul 2022,https://www.espncricinfo.com/ci/engine/match/1323295.html
785,Harare,31 Jul 2022,https://www.espncricinfo.com/ci/engine/match/1323296.html
786,Harare,2 Aug 2022,https://www.espncricinfo.com/ci/engine/match/1323297.html
787,Hobart,17 Oct 2022,https://www.espncricinfo.com/ci/engine/match/1298138.html
788,Hobart,21 Oct 2022,https://www.espncricinfo.com/ci/engine/match/1298146.html
789,Perth,27 Oct 2022,https://www.espncricinfo.com/ci/engine/match/1298158.html
790,Brisbane,30 Oct 2022,https://www.espncricinfo.com/ci/engine/match/1298162.html
791,Adelaide,2 Nov 2022,https://www.espncricinfo.com/ci/engine/match/1298168.html
792,Windhoek,24 Oct 2023,https://www.espncricinfo.com/ci/engine/match/1404390.html
793,Windhoek,25 Oct 2023,https://www.espncricinfo.com/ci/engine/match/1404391.html
794,Windhoek,27 Oct 2023,https://www.espncricinfo.com/ci/engine/match/1404392.html
795,Windhoek,29 Oct 2023,https://www.espncricinfo.com/ci/engine/match/1404393.html
796,Windhoek,30 Oct 2023,https://www.espncricinfo.com/ci/engine/match/1404394.html
797,Windhoek,22 Nov 2023,https://www.espncricinfo.com/ci/engine/match/1407091.html
798,Windhoek,26 Nov 2023,https://www.espncricinfo.com/ci/engine/match/1407099.html
799,Windhoek,27 Nov 2023,https://www.espncricinfo.com/ci/engine/match/1407101.html
800,Windhoek,29 Nov 2023,https://www.espncricinfo.com/ci/engine/match/1407104.html
801,Windhoek,30 Nov 2023,https://www.espncricinfo.com/ci/engine/match/1407107.html
802,Harare,7 Dec 2023,https://www.espncricinfo.com/ci/engine/match/1408103.html
803,Colombo (RPS),14 Jan 2024,https://www.espncricinfo.com/ci/engine/match/1412542.html
804,Colombo (RPS),16 Jan 2024,https://www.espncricinfo.com/ci/engine/match/1412543.html
805,Colombo (RPS),18 Jan 2024,https://www.espncricinfo.com/ci/engine/match/1412544.html
806,Nottingham,24 Jun 2012,https://www.espncricinfo.com/ci/engine/match/534208.html
807,The Oval,25 Jun 2013,https://www.espncricinfo.com/ci/engine/match/566926.html
808,Hobart,29 Jan 2014,https://www.espncricinfo.com/ci/engine/match/636164.html
809,Melbourne,31 Jan 2014,https://www.espncricinfo.com/ci/engine/match/636165.html
810,Basseterre,18 Jan 2020,https://www.espncricinfo.com/ci/engine/match/1203677.html
811,Bridgetown,26 Mar 2017,https://www.espncricinfo.com/ci/engine/match/1077947.html
812,Port of Spain,30 Mar 2017,https://www.espncricinfo.com/ci/engine/match/1077948.html
813,Karachi,1 Apr 2018,https://www.espncricinfo.com/ci/engine/match/1140069.html
814,Karachi,2 Apr 2018,https://www.espncricinfo.com/ci/engine/match/1140070.html
815,Karachi,3 Apr 2018,https://www.espncricinfo.com/ci/engine/match/1140071.html
816,Hambantota,22 Sep 2012,https://www.espncricinfo.com/ci/engine/match/533278.html
817,Centurion,3 Mar 2013,https://www.espncricinfo.com/ci/engine/match/567367.html
818,Lahore,12 Sep 2017,https://www.espncricinfo.com/ci/engine/match/1117821.html
819,Lahore,13 Sep 2017,https://www.espncricinfo.com/ci/engine/match/1117822.html
820,Lahore,15 Sep 2017,https://www.espncricinfo.com/ci/engine/match/1117824.html
821,Cape Town,1 Feb 2019,https://www.espncricinfo.com/ci/engine/match/1144161.html
822,Harare,12 Jun 2010,https://www.espncricinfo.com/ci/engine/match/452153.html
823,Colombo (RPS),30 Sep 2012,https://www.espncricinfo.com/ci/engine/match/533291.html
824,Tolerance Oval,22 Oct 2018,https://www.espncricinfo.com/ci/engine/match/1162727.html
825,Abu Dhabi,24 Oct 2018,https://www.espncricinfo.com/ci/engine/match/1157372.html
826,Centurion,22 Mar 2019,https://www.espncricinfo.com/ci/engine/match/1144173.html
827,Johannesburg,24 Mar 2019,https://www.espncricinfo.com/ci/engine/match/1144174.html
828,Johannesburg,10 Apr 2021,https://www.espncricinfo.com/ci/engine/match/1251575.html
829,Johannesburg,12 Apr 2021,https://www.espncricinfo.com/ci/engine/match/1251576.html
830,Centurion,14 Apr 2021,https://www.espncricinfo.com/ci/engine/match/1251577.html
831,Centurion,16 Apr 2021,https://www.espncricinfo.com/ci/engine/match/1251578.html
832,Wellington,22 Jan 2018,https://www.espncricinfo.com/ci/engine/match/1115807.html
833,Johannesburg,3 Feb 2019,https://www.espncricinfo.com/ci/engine/match/1144162.html
834,Centurion,6 Feb 2019,https://www.espncricinfo.com/ci/engine/match/1144163.html
835,Lahore,11 Feb 2021,https://www.espncricinfo.com/ci/engine/match/1243019.html
836,Lahore,13 Feb 2021,https://www.espncricinfo.com/ci/engine/match/1243020.html
837,Lahore,14 Feb 2021,https://www.espncricinfo.com/ci/engine/match/1243021.html
838,Belfast,24 Jul 2021,https://www.espncricinfo.com/ci/engine/match/1251955.html
839,Harare,2 Jul 2018,https://www.espncricinfo.com/ci/engine/match/1142914.html
840,Lahore,5 Oct 2019,https://www.espncricinfo.com/ci/engine/match/1198489.html
841,Lahore,7 Oct 2019,https://www.espncricinfo.com/ci/engine/match/1198490.html
842,Lahore,9 Oct 2019,https://www.espncricinfo.com/ci/engine/match/1198491.html
843,Abu Dhabi,20 Oct 2021,https://www.espncricinfo.com/ci/engine/match/1273719.html
844,Sharjah,24 Oct 2021,https://www.espncricinfo.com/ci/engine/match/1273726.html
845,Dubai (DSC),1 Sep 2022,https://www.espncricinfo.com/ci/engine/match/1327273.html
846,Dubai (DSC),9 Sep 2022,https://www.espncricinfo.com/ci/engine/match/1327280.html
847,Dubai (DSC),11 Sep 2022,https://www.espncricinfo.com/ci/engine/match/1327281.html
848,Geelong,16 Oct 2022,https://www.espncricinfo.com/ci/engine/match/1298135.html
849,Geelong,18 Oct 2022,https://www.espncricinfo.com/ci/engine/match/1298140.html
850,Geelong,20 Oct 2022,https://www.espncricinfo.com/ci/engine/match/1298143.html
851,Dunedin,5 Apr 2023,https://www.espncricinfo.com/ci/engine/match/1322363.html
852,Centurion,20 Jan 2017,https://www.espncricinfo.com/ci/engine/match/936153.html
853,Johannesburg,22 Jan 2017,https://www.espncricinfo.com/ci/engine/match/936155.html
854,Cape Town,25 Jan 2017,https://www.espncricinfo.com/ci/engine/match/936157.html
855,Hangzhou,7 Oct 2023,https://www.espncricinfo.com/ci/engine/match/1399120.html
856,Abu Dhabi,18 Oct 2021,https://www.espncricinfo.com/ci/engine/match/1273715.html
857,Sharjah,22 Oct 2021,https://www.espncricinfo.com/ci/engine/match/1273723.html
858,Hobart,23 Oct 2022,https://www.espncricinfo.com/ci/engine/match/1298149.html
859,Mirpur,24 Apr 2015,https://www.espncricinfo.com/ci/engine/match/858491.html
860,Khulna,17 Jan 2016,https://www.espncricinfo.com/ci/engine/match/958417.html
861,Mirpur,26 Feb 2016,https://www.espncricinfo.com/ci/engine/match/966749.html
862,Mirpur,28 Feb 2016,https://www.espncricinfo.com/ci/engine/match/966753.html
863,Colombo (RPS),4 Apr 2017,https://www.espncricinfo.com/ci/engine/match/1083449.html
864,Colombo (RPS),6 Apr 2017,https://www.espncricinfo.com/ci/engine/match/1083450.html
865,Mirpur,15 Feb 2018,https://www.espncricinfo.com/ci/engine/match/1130746.html
866,Sylhet,18 Feb 2018,https://www.espncricinfo.com/ci/engine/match/1130747.html
867,Colombo (RPS),10 Mar 2018,https://www.espncricinfo.com/ci/engine/match/1133819.html
868,Colombo (RPS),16 Mar 2018,https://www.espncricinfo.com/ci/engine/match/1133822.html
869,Mirpur,13 Sep 2019,https://www.espncricinfo.com/ci/engine/match/1197140.html
870,Chattogram,18 Sep 2019,https://www.espncricinfo.com/ci/engine/match/1197143.html
871,Lahore,24 Jan 2020,https://www.espncricinfo.com/ci/engine/match/1213058.html
872,Lahore,25 Jan 2020,https://www.espncricinfo.com/ci/engine/match/1213059.html
873,Al Amerat,17 Oct 2021,https://www.espncricinfo.com/ci/engine/match/1273713.html
874,Al Amerat,19 Oct 2021,https://www.espncricinfo.com/ci/engine/match/1273717.html
875,Al Amerat,21 Oct 2021,https://www.espncricinfo.com/ci/engine/match/1273720.html
876,Mirpur,19 Nov 2021,https://www.espncricinfo.com/ci/engine/match/1277974.html
877,Mirpur,20 Nov 2021,https://www.espncricinfo.com/ci/engine/match/1277975.html
878,Dubai (DSC),25 Sep 2022,https://www.espncricinfo.com/ci/engine/match/1336031.html
879,Christchurch,7 Oct 2022,https://www.espncricinfo.com/ci/engine/match/1322334.html
880,Hobart,24 Oct 2022,https://www.espncricinfo.com/ci/engine/match/1298151.html
881,Adelaide,6 Nov 2022,https://www.espncricinfo.com/ci/engine/match/1298175.html
882,Chattogram,27 Mar 2023,https://www.espncricinfo.com/ci/engine/match/1355720.html
883,Chattogram,29 Mar 2023,https://www.espncricinfo.com/ci/engine/match/1355721.html
884,Bready,5 Sep 2016,https://www.espncricinfo.com/ci/engine/match/1004729.html
885,Al Amerat,13 Feb 2019,https://www.espncricinfo.com/ci/engine/match/1172506.html
886,Al Amerat,15 Feb 2019,https://www.espncricinfo.com/ci/engine/match/1172508.html
887,Al Amerat,17 Feb 2019,https://www.espncricinfo.com/ci/engine/match/1172509.html
888,Bready,14 Jul 2019,https://www.espncricinfo.com/ci/engine/match/1168522.html
889,Bready,1 Sep 2021,https://www.espncricinfo.com/ci/engine/match/1272375.html
890,Bready,4 Sep 2021,https://www.espncricinfo.com/ci/engine/match/1272377.html
891,ICCA Dubai,7 Oct 2021,https://www.espncricinfo.com/ci/engine/match/1280060.html
892,ICCA Dubai,8 Oct 2021,https://www.espncricinfo.com/ci/engine/match/1280061.html
893,ICCA Dubai,10 Oct 2021,https://www.espncricinfo.com/ci/engine/match/1280062.html
894,Abu Dhabi,18 Oct 2021,https://www.espncricinfo.com/ci/engine/match/1273714.html
895,Sharjah,22 Oct 2021,https://www.espncricinfo.com/ci/engine/match/1273722.html
896,Al Amerat,12 Feb 2022,https://www.espncricinfo.com/ci/engine/match/1299594.html
897,Al Amerat,13 Feb 2022,https://www.espncricinfo.com/ci/engine/match/1299592.html
898,Al Amerat,18 Feb 2022,https://www.espncricinfo.com/ci/engine/match/1299568.html
899,Al Amerat,19 Feb 2022,https://www.espncricinfo.com/ci/engine/match/1299573.html
900,Al Amerat,21 Feb 2022,https://www.espncricinfo.com/ci/engine/match/1299574.html
901,Al Amerat,22 Feb 2022,https://www.espncricinfo.com/ci/engine/match/1299581.html
902,Al Amerat,24 Feb 2022,https://www.espncricinfo.com/ci/engine/match/1299585.html
903,Hobart,19 Oct 2022,https://www.espncricinfo.com/ci/engine/match/1298141.html
904,Edinburgh (Golden),20 Jul 2023,https://www.espncricinfo.com/ci/engine/match/1383069.html
905,Edinburgh,21 Jul 2023,https://www.espncricinfo.com/ci/engine/match/1383071.html
906,Edinburgh,23 Jul 2023,https://www.espncricinfo.com/ci/engine/match/1383074.html
907,Edinburgh (Golden),24 Jul 2023,https://www.espncricinfo.com/ci/engine/match/1383079.html
908,Edinburgh,28 Jul 2023,https://www.espncricinfo.com/ci/engine/match/1383088.html
909,Harare,9 Dec 2023,https://www.espncricinfo.com/ci/engine/match/1408104.html
910,Harare,10 Dec 2023,https://www.espncricinfo.com/ci/engine/match/1408105.html
911,Colombo (RPS),24 Sep 2012,https://www.espncricinfo.com/ci/engine/match/533282.html
912,Mirpur,10 Dec 2012,https://www.espncricinfo.com/ci/engine/match/587476.html
913,North Sound,2 Mar 2013,https://www.espncricinfo.com/ci/engine/match/593986.html
914,Mirpur,3 Apr 2014,https://www.espncricinfo.com/ci/engine/match/682961.html
915,Kingstown,27 Jul 2013,https://www.espncricinfo.com/ci/engine/match/645645.html
916,Kingstown,28 Jul 2013,https://www.espncricinfo.com/ci/engine/match/645647.html
917,Port of Spain,1 Apr 2017,https://www.espncricinfo.com/ci/engine/match/1085495.html
918,Port of Spain,2 Apr 2017,https://www.espncricinfo.com/ci/engine/match/1085496.html
919,Cardiff,5 May 2019,https://www.espncricinfo.com/ci/engine/match/1152840.html
920,Lahore,30 Sep 2022,https://www.espncricinfo.com/ci/engine/match/1327233.html
921,Dubai (DSC),13 Feb 2010,https://www.espncricinfo.com/ci/engine/match/439511.html
922,Sharjah,4 Mar 2013,https://www.espncricinfo.com/ci/engine/match/592273.html
923,Edinburgh,10 Jul 2015,https://www.espncricinfo.com/ci/engine/match/875467.html
924,Dubai (DSC),20 Jan 2017,https://www.espncricinfo.com/ci/engine/match/1074969.html
925,Dubai (DSC),20 Jan 2017,https://www.espncricinfo.com/ci/engine/match/1074971.html
926,Roseau,2 Jul 2022,https://www.espncricinfo.com/ci/engine/match/1317149.html
927,Hangzhou,4 Oct 2023,https://www.espncricinfo.com/ci/engine/match/1399115.html
928,Lahore,24 May 2015,https://www.espncricinfo.com/ci/engine/match/868725.html
929,Bulawayo,21 May 2022,https://www.espncricinfo.com/ci/engine/match/1310940.html
930,Windhoek,23 Nov 2023,https://www.espncricinfo.com/ci/engine/match/1407093.html
931,Harare,13 Jun 2010,https://www.espncricinfo.com/ci/engine/match/452154.html
932,Johannesburg,30 Mar 2012,https://www.espncricinfo.com/ci/engine/match/556252.html
933,Wellington,15 Feb 2013,https://www.espncricinfo.com/ci/engine/match/569239.html
